A股代码,B股代码,证券简称,扩位证券简称,上市日期
600000,-,浦发银行,浦发银行,19991110
600004,-,白云机场,白云机场,20030428
600006,-,东风汽车,东风汽车,19990727
600007,-,中国国贸,中国国贸,19990312
600008,-,首创环保,首创环保,20000427
600009,-,上海机场,上海机场,19980218
600010,-,包钢股份,包钢股份,20010309
600011,-,华能国际,华能国际,20011206
600012,-,皖通高速,皖通高速,20030107
600015,-,华夏银行,华夏银行,20030912
600016,-,民生银行,民生银行,20001219
600017,-,日照港,日照港,20061017
600018,-,上港集团,上港集团,20000719
600019,-,宝钢股份,宝钢股份,20001212
600020,-,中原高速,中原高速,20030808
600021,-,上海电力,上海电力,20031029
600022,-,山东钢铁,山东钢铁,20040629
600023,-,浙能电力,浙能电力,20131219
600025,-,华能水电,华能水电,20171215
600026,-,中远海能,中远海能,20020523
600027,-,华电国际,华电国际,20050203
600028,-,中国石化,中国石化,20010808
600029,-,南方航空,南方航空,20030725
600030,-,中信证券,中信证券,20030106
600031,-,三一重工,三一重工,20030703
600032,-,浙江新能,浙江新能,20210525
600033,-,福建高速,福建高速,20010209
600035,-,楚天高速,楚天高速,20040310
600036,-,招商银行,招商银行,20020409
600037,-,歌华有线,歌华有线,20010208
600038,-,中直股份,中直股份,20001218
600039,-,四川路桥,四川路桥,20030325
600048,-,保利发展,保利发展,20060731
600050,-,中国联通,中国联通,20021009
600051,-,宁波联合,宁波联合,19970410
600052,-,东望时代,东望时代,19970415
600053,-,九鼎投资,九鼎投资,19970418
600054,900942,黄山旅游,黄山旅游,19970506
600055,-,万东医疗,万东医疗,19970519
600056,-,中国医药,中国医药,19970515
600057,-,厦门象屿,厦门象屿,19970604
600058,-,五矿发展,五矿发展,19970528
600059,-,古越龙山,古越龙山,19970516
600060,-,海信视像,海信视像,19970422
600061,-,国投资本,国投资本,19970519
600062,-,华润双鹤,华润双鹤,19970522
600063,-,皖维高新,皖维高新,19970528
600064,-,南京高科,南京高科,19970506
600066,-,宇通客车,宇通客车,19970508
600067,-,冠城大通,冠城大通,19970508
600070,-,浙江富润,浙江富润,19970604
600071,-,凤凰光学,凤凰光学,19970528
600072,-,中船科技,中船科技,19970603
600073,-,上海梅林,上海梅林,19970704
600075,-,新疆天业,新疆天业,19970617
600076,-,康欣新材,康欣新材,19970526
600077,-,宋都股份,宋都股份,19970520
600078,-,*ST澄星,*ST澄星,19970627
600079,-,人福医药,人福医药,19970606
600080,-,金花股份,金花股份,19970612
600081,-,东风科技,东风科技,19970703
600082,-,海泰发展,海泰发展,19970620
600083,-,*ST博信,*ST博信,19970606
600084,-,中葡股份,中葡股份,19970711
600085,-,同仁堂,同仁堂,19970625
600088,-,中视传媒,中视传媒,19970616
600089,-,特变电工,特变电工,19970618
600094,900940,大名城,大名城,19970703
600095,-,湘财股份,湘财股份,19970708
600096,-,云天化,云天化,19970709
600097,-,开创国际,开创国际,19970619
600098,-,广州发展,广州发展,19970718
600099,-,林海股份,林海股份,19970704
600100,-,同方股份,同方股份,19970627
600101,-,明星电力,明星电力,19970627
600103,-,青山纸业,青山纸业,19970703
600104,-,上汽集团,上汽集团,19971125
600105,-,永鼎股份,永鼎股份,19970929
600106,-,重庆路桥,重庆路桥,19970618
600107,-,美尔雅,美尔雅,19971106
600108,-,亚盛集团,亚盛集团,19970818
600109,-,国金证券,国金证券,19970807
600110,-,诺德股份,诺德股份,19971007
600111,-,北方稀土,北方稀土,19970924
600112,-,*ST天成,*ST天成,19971127
600113,-,浙江东日,浙江东日,19971021
600114,-,东睦股份,东睦股份,20040511
600115,-,中国东航,中国东航,19971105
600116,-,三峡水利,三峡水利,19970804
600117,-,西宁特钢,西宁特钢,19971015
600118,-,中国卫星,中国卫星,19970908
600119,-,长江投资,长江投资,19980115
600120,-,浙江东方,浙江东方,19971201
600121,-,郑州煤电,郑州煤电,19980107
600122,-,ST宏图,ST宏图,19980420
600123,-,兰花科创,兰花科创,19981217
600125,-,铁龙物流,铁龙物流,19980511
600126,-,杭钢股份,杭钢股份,19980311
600127,-,金健米业,金健米业,19980506
600128,-,弘业股份,弘业股份,19970901
600129,-,太极集团,太极集团,19971118
600130,-,波导股份,波导股份,20000706
600131,-,国网信通,国网信通,19980402
600132,-,重庆啤酒,重庆啤酒,19971030
600133,-,东湖高新,东湖高新,19980212
600135,-,乐凯胶片,乐凯胶片,19980122
600136,-,ST明诚,ST明诚,19980303
600137,-,浪莎股份,浪莎股份,19980416
600138,-,中青旅,中青旅,19971203
600139,-,*ST西源,*ST西源,19980225
600141,-,兴发集团,兴发集团,19990616
600143,-,金发科技,金发科技,20040623
600148,-,长春一东,长春一东,19980520
600149,-,廊坊发展,廊坊发展,19991014
600150,-,中国船舶,中国船舶,19980520
600151,-,航天机电,航天机电,19980605
600152,-,维科技术,维科技术,19980609
600153,-,建发股份,建发股份,19980616
600155,-,华创阳安,华创阳安,19980918
600156,-,华升股份,华升股份,19980527
600157,-,永泰能源,永泰能源,19980513
600158,-,中体产业,中体产业,19980327
600159,-,大龙地产,大龙地产,19980526
600160,-,巨化股份,巨化股份,19980626
600161,-,天坛生物,天坛生物,19980616
600162,-,香江控股,香江控股,19980609
600163,-,中闽能源,中闽能源,19980602
600165,-,新日恒力,新日恒力,19980529
600166,-,福田汽车,福田汽车,19980602
600167,-,联美控股,联美控股,19990128
600168,-,武汉控股,武汉控股,19980427
600169,-,太原重工,太原重工,19980904
600170,-,上海建工,上海建工,19980623
600171,-,上海贝岭,上海贝岭,19980924
600172,-,黄河旋风,黄河旋风,19981126
600173,-,卧龙地产,卧龙地产,19990415
600176,-,中国巨石,中国巨石,19990422
600177,-,雅戈尔,雅戈尔,19981119
600178,-,东安动力,东安动力,19981014
600179,-,安通控股,安通控股,19981104
600180,-,瑞茂通,瑞茂通,19980703
600182,-,S*ST佳通,S*ST佳通,19990507
600183,-,生益科技,生益科技,19981028
600184,-,光电股份,光电股份,20031106
600185,-,格力地产,格力地产,19990611
600186,-,莲花健康,莲花健康,19980825
600187,-,国中水务,国中水务,19981111
600188,-,兖矿能源,兖矿能源,19980701
600189,-,泉阳泉,泉阳泉,19981007
600190,900952,锦州港,锦州港,19990609
600191,-,*ST华资,*ST华资,19981210
600192,-,长城电工,长城电工,19981224
600193,-,创兴资源,创兴资源,19990527
600195,-,中牧股份,中牧股份,19990107
600196,-,复星医药,复星医药,19980807
600197,-,伊力特,伊力特,19990916
600198,-,大唐电信,大唐电信,19981021
600199,-,金种子酒,金种子酒,19980812
600200,-,江苏吴中,江苏吴中,19990401
600201,-,生物股份,生物股份,19990115
600202,-,哈空调,哈空调,19990603
600203,-,福日电子,福日电子,19990514
600206,-,有研新材,有研新材,19990319
600207,-,安彩高科,安彩高科,19990714
600208,-,新湖中宝,新湖中宝,19990623
600210,-,紫江企业,紫江企业,19990824
600211,-,西藏药业,西藏药业,19990721
600212,-,绿能慧充,绿能慧充,19990817
600213,-,亚星客车,亚星客车,19990831
600215,-,派斯林,派斯林,19990909
600216,-,浙江医药,浙江医药,19991021
600217,-,中再资环,中再资环,19991216
600218,-,全柴动力,全柴动力,19981203
600219,-,南山铝业,南山铝业,19991223
600220,-,江苏阳光,江苏阳光,19990927
600221,900945,ST海航,ST海航,19991125
600222,-,太龙药业,太龙药业,19991105
600223,-,鲁商发展,鲁商发展,20000113
600225,-,天津松江,天津松江,20000127
600226,-,ST瀚叶,ST瀚叶,19991116
600227,-,圣济堂,圣济堂,20000221
600228,-,返利科技,返利科技,19990119
600229,-,城市传媒,城市传媒,20000309
600230,-,沧州大化,沧州大化,20000406
600231,-,凌钢股份,凌钢股份,20000511
600232,-,金鹰股份,金鹰股份,20000602
600233,-,圆通速递,圆通速递,20000608
600234,-,科新发展,科新发展,20000615
600235,-,民丰特纸,民丰特纸,20000615
600236,-,桂冠电力,桂冠电力,20000323
600237,-,铜峰电子,铜峰电子,20000609
600238,-,海南椰岛,海南椰岛,20000120
600239,-,ST云城,ST云城,19991202
600241,-,ST时万,ST时万,20001128
600242,-,*ST中昌,*ST中昌,20001207
600243,-,青海华鼎,青海华鼎,20001120
600246,-,万通发展,万通发展,20000922
600248,-,陕西建工,陕西建工,20000622
600249,-,两面针,两面针,20040130
600250,-,南纺股份,南纺股份,20010306
600251,-,冠农股份,冠农股份,20030609
600252,-,中恒集团,中恒集团,20001130
600255,-,鑫科材料,鑫科材料,20001122
600256,-,广汇能源,广汇能源,20000526
600257,-,大湖股份,大湖股份,20000612
600258,-,首旅酒店,首旅酒店,20000601
600259,-,广晟有色,广晟有色,20000525
600260,-,*ST凯乐,*ST凯乐,20000706
600261,-,阳光照明,阳光照明,20000720
600262,-,北方股份,北方股份,20000630
600265,-,ST景谷,ST景谷,20000825
600266,-,城建发展,城建发展,19990203
600267,-,海正药业,海正药业,20000725
600268,-,国电南自,国电南自,19991118
600269,-,赣粤高速,赣粤高速,20000518
600271,-,航天信息,航天信息,20030711
600272,900943,开开实业,开开实业,20010228
600273,-,嘉化能源,嘉化能源,20030627
600276,-,恒瑞医药,恒瑞医药,20001018
600277,-,亿利洁能,亿利洁能,20000725
600278,-,东方创业,东方创业,20000712
600279,-,重庆港,重庆港,20000731
600280,-,中央商场,中央商场,20000926
600281,-,华阳新材,华阳新材,20001109
600282,-,南钢股份,南钢股份,20000919
600283,-,钱江水利,钱江水利,20001018
600284,-,浦东建设,浦东建设,20040316
600285,-,羚锐制药,羚锐制药,20001018
600287,-,江苏舜天,江苏舜天,20000901
600288,-,大恒科技,大恒科技,20001129
600289,-,ST信通,ST信通,20000720
600290,-,ST华仪,ST华仪,20001106
600292,-,远达环保,远达环保,20001101
600293,-,三峡新材,三峡新材,20000919
600295,900936,鄂尔多斯,鄂尔多斯,20010426
600297,-,广汇汽车,广汇汽车,20001116
600298,-,安琪酵母,安琪酵母,20000818
600299,-,安迪苏,安迪苏,20000420
600300,-,维维股份,维维股份,20000630
600301,-,南化股份,南化股份,20000712
600302,-,标准股份,标准股份,20001213
600303,-,ST曙光,ST曙光,20001226
600305,-,恒顺醋业,恒顺醋业,20010206
600306,-,ST商城,ST商城,20001226
600307,-,酒钢宏兴,酒钢宏兴,20001220
600308,-,华泰股份,华泰股份,20000928
600309,-,万华化学,万华化学,20010105
600310,-,桂东电力,桂东电力,20010228
600311,-,*ST荣华,*ST荣华,20010626
600312,-,平高电气,平高电气,20010221
600313,-,农发种业,农发种业,20010119
600315,-,上海家化,上海家化,20010315
600316,-,洪都航空,洪都航空,20001215
600318,-,新力金融,新力金融,20001208
600319,-,亚星化学,亚星化学,20010326
600320,900947,振华重工,振华重工,20001221
600321,-,正源股份,正源股份,20010524
600322,-,天房发展,天房发展,20010910
600323,-,瀚蓝环境,瀚蓝环境,20001225
600325,-,华发股份,华发股份,20040225
600326,-,西藏天路,西藏天路,20010116
600327,-,大东方,大东方,20020625
600328,-,中盐化工,中盐化工,20001222
600329,-,达仁堂,达仁堂,20010606
600330,-,天通股份,天通股份,20010118
600331,-,宏达股份,宏达股份,20011220
600332,-,白云山,白云山,20010206
600333,-,长春燃气,长春燃气,20001211
600335,-,国机汽车,国机汽车,20010305
600336,-,澳柯玛,澳柯玛,20001229
600337,-,美克家居,美克家居,20001127
600338,-,西藏珠峰,西藏珠峰,20001227
600339,-,中油工程,中油工程,20001225
600340,-,华夏幸福,华夏幸福,20031230
600343,-,航天动力,航天动力,20030408
600345,-,长江通信,长江通信,20001222
600346,-,恒力石化,恒力石化,20010820
600348,-,华阳股份,华阳股份,20030821
600350,-,山东高速,山东高速,20020318
600351,-,亚宝药业,亚宝药业,20020926
600352,-,浙江龙盛,浙江龙盛,20030801
600353,-,旭光电子,旭光电子,20021120
600354,-,敦煌种业,敦煌种业,20040115
600355,-,精伦电子,精伦电子,20020613
600356,-,恒丰纸业,恒丰纸业,20010419
600358,-,国旅联合,国旅联合,20000922
600359,-,新农开发,新农开发,19990429
600360,-,华微电子,华微电子,20010316
600361,-,华联综超,华联综超,20011129
600362,-,江西铜业,江西铜业,20020111
600363,-,联创光电,联创光电,20010329
600365,-,ST通葡,ST通葡,20010115
600366,-,宁波韵升,宁波韵升,20001030
600367,-,红星发展,红星发展,20010320
600368,-,五洲交通,五洲交通,20001221
600369,-,西南证券,西南证券,20010109
600370,-,三房巷,三房巷,20030306
600371,-,万向德农,万向德农,20020916
600372,-,中航电子,中航电子,20010706
600373,-,中文传媒,中文传媒,20020304
600375,-,汉马科技,汉马科技,20030401
600376,-,首开股份,首开股份,20010312
600377,-,宁沪高速,宁沪高速,20010116
600378,-,昊华科技,昊华科技,20010111
600379,-,宝光股份,宝光股份,20020116
600380,-,健康元,健康元,20010608
600381,-,青海春天,青海春天,20010508
600382,-,ST广珠,ST广珠,20010118
600383,-,金地集团,金地集团,20010412
600386,-,北巴传媒,北巴传媒,20010216
600387,-,ST海越,ST海越,20040218
600388,-,ST龙净,ST龙净,20001229
600389,-,江山股份,江山股份,20010110
600390,-,五矿资本,五矿资本,20010115
600391,-,航发科技,航发科技,20011212
600392,-,盛和资源,盛和资源,20030529
600393,-,粤泰股份,粤泰股份,20010319
600395,-,盘江股份,盘江股份,20010531
600396,-,金山股份,金山股份,20010328
600397,-,安源煤业,安源煤业,20020702
600398,-,海澜之家,海澜之家,20001228
600399,-,抚顺特钢,抚顺特钢,20001229
600400,-,红豆股份,红豆股份,20010108
600403,-,大有能源,大有能源,20031009
600405,-,动力源,动力源,20040401
600406,-,国电南瑞,国电南瑞,20031016
600408,-,安泰集团,安泰集团,20030212
600409,-,三友化工,三友化工,20030618
600410,-,华胜天成,华胜天成,20040427
600415,-,小商品城,小商品城,20020509
600416,-,湘电股份,湘电股份,20020718
600418,-,江淮汽车,江淮汽车,20010824
600419,-,天润乳业,天润乳业,20010628
600420,-,XD国药现,XD国药现代,20040616
600421,-,华嵘控股,华嵘控股,20040607
600422,-,昆药集团,昆药集团,20001206
600423,-,柳化股份,柳化股份,20030717
600425,-,青松建化,青松建化,20030724
600426,-,华鲁恒升,华鲁恒升,20020620
600428,-,中远海特,中远海特,20020418
600429,-,三元股份,三元股份,20030915
600433,-,冠豪高新,冠豪高新,20030619
600435,-,北方导航,北方导航,20030704
600436,-,片仔癀,片仔癀,20030616
600438,-,通威股份,通威股份,20040302
600439,-,瑞贝卡,瑞贝卡,20030710
600444,-,国机通用,国机通用,20040219
600446,-,金证股份,金证股份,20031224
600448,-,华纺股份,华纺股份,20010903
600449,-,宁夏建材,宁夏建材,20030829
600452,-,涪陵电力,涪陵电力,20040303
600455,-,博通股份,博通股份,20040329
600456,-,宝钛股份,宝钛股份,20020412
600458,-,时代新材,时代新材,20021219
600459,-,贵研铂业,贵研铂业,20030516
600460,-,士兰微,士兰微,20030311
600461,-,洪城环境,洪城环境,20040601
600462,-,ST九有,ST九有,20030903
600463,-,空港股份,空港股份,20040318
600466,-,蓝光发展,蓝光发展,20010212
600467,-,好当家,好当家,20040405
600468,-,百利电气,百利电气,20010615
600469,-,风神股份,风神股份,20031021
600470,-,六国化工,六国化工,20040305
600475,-,华光环能,华光环能,20030721
600476,-,湘邮科技,湘邮科技,20031210
600477,-,杭萧钢构,杭萧钢构,20031110
600478,-,科力远,科力远,20030918
600479,-,千金药业,千金药业,20040312
600480,-,凌云股份,凌云股份,20030815
600481,-,双良节能,双良节能,20030422
600482,-,中国动力,中国动力,20040714
600483,-,福能股份,福能股份,20040531
600486,-,扬农化工,扬农化工,20020425
600487,-,亨通光电,亨通光电,20030822
600488,-,天药股份,天药股份,20010618
600489,-,中金黄金,中金黄金,20030814
600490,-,鹏欣资源,鹏欣资源,20030626
600491,-,龙元建设,龙元建设,20040524
600493,-,凤竹纺织,凤竹纺织,20040421
600495,-,晋西车轴,晋西车轴,20040526
600496,-,精工钢构,精工钢构,20020605
600497,-,驰宏锌锗,驰宏锌锗,20040420
600498,-,烽火通信,烽火通信,20010823
600499,-,科达制造,科达制造,20021010
600500,-,中化国际,中化国际,20000301
600501,-,航天晨光,航天晨光,20010615
600502,-,安徽建工,安徽建工,20030415
600503,-,华丽家族,华丽家族,20020709
600505,-,西昌电力,西昌电力,20020530
600506,-,香梨股份,香梨股份,20011226
600507,-,方大特钢,方大特钢,20030930
600508,-,上海能源,上海能源,20010829
600509,-,天富能源,天富能源,20020228
600510,-,黑牡丹,黑牡丹,20020618
600511,-,国药股份,国药股份,20021127
600512,-,腾达建设,腾达建设,20021226
600513,-,XD联环药,XD联环药业,20030319
600515,-,ST基础,ST基础,20020806
600516,-,方大炭素,方大炭素,20020830
600517,-,国网英大,国网英大,20031010
600518,-,ST康美,ST康美,20010319
600519,-,贵州茅台,贵州茅台,20010827
600520,-,文一科技,文一科技,20020108
600521,-,华海药业,华海药业,20030304
600522,-,中天科技,中天科技,20021024
600523,-,贵航股份,贵航股份,20011227
600525,-,长园集团,长园集团,20021202
600526,-,菲达环保,菲达环保,20020722
600527,-,江南高纤,江南高纤,20031127
600528,-,中铁工业,中铁工业,20010528
600529,-,山东药玻,山东药玻,20020603
600530,-,交大昂立,交大昂立,20010702
600531,-,豫光金铅,豫光金铅,20020730
600532,-,*ST未来,*ST未来,20021031
600533,-,栖霞建设,栖霞建设,20020328
600535,-,天士力,天士力,20020823
600536,-,中国软件,中国软件,20020517
600537,-,亿晶光电,亿晶光电,20030123
600538,-,国发股份,国发股份,20030114
600539,-,狮头股份,狮头股份,20010824
600540,-,新赛股份,新赛股份,20040107
600543,-,莫高股份,莫高股份,20040324
600545,-,卓郎智能,卓郎智能,20031203
600546,-,山煤国际,山煤国际,20030731
600547,-,山东黄金,山东黄金,20030828
600548,-,深高速,深高速,20011225
600549,-,厦门钨业,厦门钨业,20021107
600550,-,保变电气,保变电气,20010228
600551,-,时代出版,时代出版,20020905
600552,-,凯盛科技,凯盛科技,20021108
600556,-,天下秀,天下秀,20010807
600557,-,康缘药业,康缘药业,20020918
600558,-,大西洋,大西洋,20010227
600559,-,老白干酒,老白干酒,20021029
600560,-,金自天正,金自天正,20020919
600561,-,江西长运,江西长运,20020716
600562,-,国睿科技,国睿科技,20030128
600563,-,法拉电子,法拉电子,20021210
600565,-,迪马股份,迪马股份,20020723
600566,-,济川药业,济川药业,20010822
600567,-,山鹰国际,山鹰国际,20011218
600568,-,ST中珠,ST中珠,20010518
600569,-,安阳钢铁,安阳钢铁,20010820
600570,-,恒生电子,恒生电子,20031216
600571,-,XD信雅达,XD信雅达,20021101
600572,-,康恩贝,康恩贝,20040412
600573,-,惠泉啤酒,惠泉啤酒,20030226
600575,-,淮河能源,淮河能源,20030328
600576,-,祥源文化,祥源文化,20030220
600577,-,精达股份,精达股份,20020911
600578,-,京能电力,京能电力,20020510
600579,-,克劳斯,克劳斯,20020809
600580,-,卧龙电驱,卧龙电驱,20020606
600581,-,八一钢铁,八一钢铁,20020816
600582,-,天地科技,天地科技,20020515
600583,-,海油工程,海油工程,20020205
600584,-,长电科技,长电科技,20030603
600585,-,海螺水泥,海螺水泥,20020207
600586,-,金晶科技,金晶科技,20020815
600587,-,新华医疗,新华医疗,20020927
600588,-,用友网络,用友网络,20010518
600589,-,ST榕泰,ST榕泰,20010612
600590,-,泰豪科技,泰豪科技,20020703
600592,-,龙溪股份,龙溪股份,20020805
600593,-,大连圣亚,大连圣亚,20020711
600594,-,益佰制药,益佰制药,20040323
600595,-,中孚实业,中孚实业,20020626
600596,-,新安股份,新安股份,20010906
600597,-,光明乳业,光明乳业,20020828
600598,-,北大荒,北大荒,20020329
600599,-,ST熊猫,ST熊猫,20010828
600600,-,青岛啤酒,青岛啤酒,19930827
600601,-,*ST方科,*ST方科,19901219
600602,900901,云赛智联,云赛智联,19901219
600603,-,广汇物流,广汇物流,19920113
600604,900902,市北高新,市北高新,19920327
600605,-,汇通能源,汇通能源,19920327
600606,-,绿地控股,绿地控股,19920327
600608,-,ST沪科,ST沪科,19920327
600609,-,金杯汽车,金杯汽车,19920724
600610,900906,中毅达,中毅达,19920805
600611,900903,大众交通,大众交通,19920807
600612,900905,老凤祥,老凤祥,19920814
600613,900904,神奇制药,神奇制药,19920820
600615,-,*ST丰华,*ST丰华,19920910
600616,-,金枫酒业,金枫酒业,19920929
600617,900913,国新能源,国新能源,19921013
600618,900908,氯碱化工,氯碱化工,19921113
600619,900910,海立股份,海立股份,19921116
600620,-,天宸股份,天宸股份,19921117
600621,-,华鑫股份,华鑫股份,19921202
600622,-,光大嘉宝,光大嘉宝,19921203
600623,900909,华谊集团,华谊集团,19921204
600624,-,复旦复华,复旦复华,19930105
600626,-,申达股份,申达股份,19930107
600628,-,新世界,新世界,19930119
600629,-,华建集团,华建集团,19930209
600630,-,龙头股份,龙头股份,19930209
600633,-,浙数文化,浙数文化,19930304
600635,-,大众公用,大众公用,19930304
600636,-,国新文化,国新文化,19930316
600637,-,东方明珠,东方明珠,19930316
600638,-,新黄浦,新黄浦,19930326
600639,900911,浦东金桥,浦东金桥,19930326
600640,-,新国脉,新国脉,19930407
600641,-,万业企业,万业企业,19930407
600642,-,申能股份,申能股份,19930416
600643,-,爱建集团,爱建集团,19930426
600644,-,乐山电力,乐山电力,19930426
600645,-,中源协和,中源协和,19930504
600647,-,同达创业,同达创业,19930504
600648,900912,外高桥,外高桥,19930504
600649,-,城投控股,城投控股,19930518
600650,900914,锦江在线,锦江在线,19930607
600651,-,飞乐音响,飞乐音响,19901219
600653,-,申华控股,申华控股,19901219
600654,-,*ST中安,*ST中安,19901219
600655,-,豫园股份,豫园股份,19920902
600657,-,信达地产,信达地产,19930524
600658,-,电子城,电子城,19930524
600660,-,福耀玻璃,福耀玻璃,19930610
600661,-,昂立教育,昂立教育,19930614
600662,-,外服控股,外服控股,19930614
600663,900932,陆家嘴,陆家嘴,19930628
600664,-,哈药股份,哈药股份,19930629
600665,-,天地源,天地源,19930709
600666,-,*ST瑞德,*ST瑞德,19930712
600667,-,太极实业,太极实业,19930728
600668,-,尖峰集团,尖峰集团,19930728
600671,-,ST目药,ST目药,19930823
600673,-,东阳光,东阳光,19930917
600674,-,川投能源,川投能源,19930924
600675,-,中华企业,中华企业,19930924
600676,-,交运股份,交运股份,19930928
600678,-,四川金顶,四川金顶,19931008
600679,900916,上海凤凰,上海凤凰,19931008
600681,-,百川能源,百川能源,19931018
600682,-,南京新百,南京新百,19931018
600683,-,京投发展,京投发展,19931025
600684,-,珠江股份,珠江股份,19931028
600685,-,中船防务,中船防务,19931028
600686,-,金龙汽车,金龙汽车,19931108
600688,-,上海石化,上海石化,19931108
600689,900922,上海三毛,上海三毛,19931108
600690,-,海尔智家,海尔智家,19931119
600691,-,阳煤化工,阳煤化工,19931119
600692,-,亚通股份,亚通股份,19931119
600693,-,东百集团,东百集团,19931122
600694,-,大商股份,大商股份,19931122
600696,-,岩石股份,岩石股份,19931206
600697,-,欧亚集团,欧亚集团,19931206
600698,900946,湖南天雁,湖南天雁,19931206
600699,-,均胜电子,均胜电子,19931206
600702,-,舍得酒业,舍得酒业,19960524
600703,-,三安光电,三安光电,19960528
600704,-,物产中大,物产中大,19960606
600705,-,中航产融,中航产融,19960516
600706,-,曲江文旅,曲江文旅,19960516
600707,-,彩虹股份,彩虹股份,19960520
600708,-,光明地产,光明地产,19960606
600710,-,苏美达,苏美达,19960701
600711,-,盛屯矿业,盛屯矿业,19960531
600712,-,南宁百货,南宁百货,19960626
600713,-,南京医药,南京医药,19960701
600714,-,金瑞矿业,金瑞矿业,19960606
600715,-,文投控股,文投控股,19960701
600716,-,凤凰股份,凤凰股份,19960702
600717,-,天津港,天津港,19960614
600718,-,东软集团,东软集团,19960618
600719,-,ST热电,ST热电,19960716
600720,-,祁连山,祁连山,19960716
600721,-,百花医药,百花医药,19960626
600722,-,金牛化工,金牛化工,19960626
600724,-,宁波富达,宁波富达,19960716
600725,-,云维股份,云维股份,19960702
600726,900937,*ST华源,*ST华源,19960701
600727,-,鲁北化工,鲁北化工,19960702
600728,-,佳都科技,佳都科技,19960716
600729,-,重庆百货,重庆百货,19960702
600730,-,中国高科,中国高科,19960726
600731,-,湖南海利,湖南海利,19960802
600732,-,爱旭股份,爱旭股份,19960816
600733,-,北汽蓝谷,北汽蓝谷,19960816
600734,-,ST实达,ST实达,19960808
600735,-,新华锦,新华锦,19960726
600736,-,苏州高新,苏州高新,19960815
600737,-,中粮糖业,中粮糖业,19960731
600738,-,丽尚国潮,丽尚国潮,19960802
600739,-,辽宁成大,辽宁成大,19960819
600740,-,山西焦化,山西焦化,19960808
600741,-,华域汽车,华域汽车,19960826
600742,-,一汽富维,一汽富维,19960826
600743,-,华远地产,华远地产,19960909
600744,-,华银电力,华银电力,19960905
600745,-,闻泰科技,闻泰科技,19960828
600746,-,江苏索普,江苏索普,19960918
600748,-,上实发展,上实发展,19960925
600749,-,西藏旅游,西藏旅游,19961015
600750,-,江中药业,江中药业,19960923
600751,900938,海航科技,海航科技,19960909
600753,-,东方银星,东方银星,19960927
600754,900934,锦江酒店,锦江酒店,19961011
600755,-,厦门国贸,厦门国贸,19961003
600756,-,浪潮软件,浪潮软件,19960923
600757,-,长江传媒,长江传媒,19961003
600758,-,辽宁能源,辽宁能源,19961029
600759,-,ST洲际,ST洲际,19961008
600760,-,中航沈飞,中航沈飞,19961011
600761,-,安徽合力,安徽合力,19961009
600763,-,通策医疗,通策医疗,19961030
600764,-,中国海防,中国海防,19961104
600765,-,中航重机,中航重机,19961106
600766,-,*ST园城,*ST园城,19961028
600767,-,*ST运盛,*ST运盛,19961115
600768,-,宁波富邦,宁波富邦,19961111
600769,-,祥龙电业,祥龙电业,19961101
600770,-,综艺股份,综艺股份,19961120
600771,-,广誉远,广誉远,19961105
600773,-,西藏城投,西藏城投,19961108
600774,-,汉商集团,汉商集团,19961108
600775,-,南京熊猫,南京熊猫,19961118
600776,900941,东方通信,东方通信,19961126
600777,-,新潮能源,新潮能源,19961121
600778,-,友好集团,友好集团,19961203
600779,-,水井坊,水井坊,19961206
600780,-,通宝能源,通宝能源,19961205
600781,-,*ST辅仁,*ST辅仁,19961218
600782,-,新钢股份,新钢股份,19961225
600783,-,鲁信创投,鲁信创投,19961225
600784,-,鲁银投资,鲁银投资,19961225
600785,-,新华百货,新华百货,19970108
600787,-,中储股份,中储股份,19970121
600789,-,鲁抗医药,鲁抗医药,19970226
600790,-,轻纺城,轻纺城,19970228
600791,-,京能置业,京能置业,19970130
600792,-,云煤能源,云煤能源,19970123
600793,-,宜宾纸业,宜宾纸业,19970220
600794,-,保税科技,保税科技,19970306
600795,-,国电电力,国电电力,19970318
600796,-,钱江生化,钱江生化,19970408
600797,-,浙大网新,浙大网新,19970418
600798,-,宁波海运,宁波海运,19970423
600800,-,渤海化学,渤海化学,19931206
600801,-,华新水泥,华新水泥,19940103
600802,-,福建水泥,福建水泥,19940103
600803,-,新奥股份,新奥股份,19940103
600804,-,ST鹏博士,ST鹏博士,19940103
600805,-,悦达投资,悦达投资,19940103
600807,-,济南高新,济南高新,19940103
600808,-,马钢股份,马钢股份,19940106
600809,-,山西汾酒,山西汾酒,19940106
600810,-,神马股份,神马股份,19940106
600811,-,东方集团,东方集团,19940106
600812,-,华北制药,华北制药,19940114
600814,-,杭州解百,杭州解百,19940114
600815,-,厦工股份,厦工股份,19940128
600816,-,ST安信,ST安信,19940128
600817,-,宇通重工,宇通重工,19940128
600818,900915,中路股份,中路股份,19940128
600819,900918,耀皮玻璃,耀皮玻璃,19940128
600820,-,隧道股份,隧道股份,19940128
600821,-,金开新能,金开新能,19940128
600822,900927,上海物贸,上海物贸,19940204
600823,-,世茂股份,世茂股份,19940204
600824,-,益民集团,益民集团,19940204
600825,-,新华传媒,新华传媒,19940204
600826,-,兰生股份,兰生股份,19940204
600827,900923,百联股份,百联股份,19940204
600828,-,茂业商业,茂业商业,19940224
600829,-,人民同泰,人民同泰,19940224
600830,-,香溢融通,香溢融通,19940224
600831,-,广电网络,广电网络,19940224
600833,-,第一医药,第一医药,19940224
600834,-,申通地铁,申通地铁,19940224
600835,900925,上海机电,上海机电,19940224
600836,-,上海易连,上海易连,19940224
600837,-,海通证券,海通证券,19940224
600838,-,上海九百,上海九百,19940224
600839,-,四川长虹,四川长虹,19940311
600841,900920,动力新科,动力新科,19940311
600843,900924,上工申贝,上工申贝,19940311
600844,900921,丹化科技,丹化科技,19940311
600845,900926,宝信软件,宝信软件,19940311
600846,-,同济科技,同济科技,19940311
600847,-,万里股份,万里股份,19940324
600848,900928,上海临港,上海临港,19940324
600850,-,电科数字,电科数字,19940324
600851,900917,海欣股份,海欣股份,19940404
600853,-,龙建股份,龙建股份,19940404
600854,-,春兰股份,春兰股份,19940425
600855,-,航天长峰,航天长峰,19940425
600857,-,宁波中百,宁波中百,19940425
600858,-,银座股份,银座股份,19940506
600859,-,王府井,王府井,19940506
600860,-,京城股份,京城股份,19940506
600861,-,北京城乡,北京城乡,19940520
600862,-,中航高科,中航高科,19940520
600863,-,内蒙华电,内蒙华电,19940520
600864,-,哈投股份,哈投股份,19940809
600865,-,百大集团,百大集团,19940809
600866,-,星湖科技,星湖科技,19940818
600867,-,通化东宝,通化东宝,19940824
600868,-,梅雁吉祥,梅雁吉祥,19940912
600869,-,远东股份,远东股份,19950206
600871,-,石化油服,石化油服,19950411
600872,-,中炬高新,中炬高新,19950124
600873,-,梅花生物,梅花生物,19950217
600874,-,创业环保,创业环保,19950630
600875,-,东方电气,东方电气,19951010
600876,-,洛阳玻璃,洛阳玻璃,19951031
600877,-,声光电科,声光电科,19951013
600879,-,航天电子,航天电子,19951115
600880,-,博瑞传播,博瑞传播,19951115
600881,-,亚泰集团,亚泰集团,19951115
600882,-,妙可蓝多,妙可蓝多,19951206
600883,-,博闻科技,博闻科技,19951208
600884,-,杉杉股份,杉杉股份,19960130
600885,-,宏发股份,宏发股份,19960205
600886,-,XD国投电,XD国投电力,19960118
600887,-,伊利股份,伊利股份,19960312
600888,-,新疆众和,新疆众和,19960215
600889,-,南京化纤,南京化纤,19960308
600892,-,大晟文化,大晟文化,19960315
600893,-,航发动力,航发动力,19960408
600894,-,广日股份,广日股份,19960328
600895,-,张江高科,张江高科,19960422
600897,-,厦门空港,厦门空港,19960531
600898,-,国美通讯,国美通讯,19960418
600900,-,长江电力,长江电力,20031118
600901,-,江苏租赁,江苏租赁,20180301
600903,-,贵州燃气,贵州燃气,20171107
600905,-,三峡能源,三峡能源,20210610
600906,-,财达证券,财达证券,20210507
600908,-,无锡银行,无锡银行,20160923
600909,-,华安证券,华安证券,20161206
600916,-,中国黄金,中国黄金,20210205
600917,-,重庆燃气,重庆燃气,20140930
600918,-,中泰证券,中泰证券,20200603
600919,-,江苏银行,江苏银行,20160802
600926,-,杭州银行,杭州银行,20161027
600927,-,永安期货,永安期货,20211223
600928,-,西安银行,西安银行,20190301
600929,-,雪天盐业,雪天盐业,20180326
600933,-,爱柯迪,爱柯迪,20171117
600935,-,华塑股份,华塑股份,20211126
600936,-,广西广电,广西广电,20160815
600938,-,中国海油,中国海油,20220421
600939,-,重庆建工,重庆建工,20170221
600941,-,中国移动,中国移动,20220105
600955,-,维远股份,维远股份,20210915
600956,-,新天绿能,新天绿能,20200629
600958,-,XD东方证,XD东方证券,20150323
600959,-,江苏有线,江苏有线,20150428
600960,-,渤海汽车,渤海汽车,20040407
600961,-,株冶集团,株冶集团,20040830
600962,-,国投中鲁,国投中鲁,20040622
600963,-,岳阳林纸,岳阳林纸,20040525
600965,-,福成股份,福成股份,20040713
600966,-,博汇纸业,博汇纸业,20040608
600967,-,内蒙一机,内蒙一机,20040518
600968,-,海油发展,海油发展,20190626
600969,-,郴电国际,郴电国际,20040408
600970,-,中材国际,中材国际,20050412
600971,-,恒源煤电,恒源煤电,20040817
600973,-,宝胜股份,宝胜股份,20040802
600975,-,新五丰,新五丰,20040609
600976,-,健民集团,健民集团,20040419
600977,-,中国电影,中国电影,20160809
600979,-,广安爱众,广安爱众,20040906
600980,-,北矿科技,北矿科技,20040512
600981,-,汇鸿集团,汇鸿集团,20040630
600982,-,宁波能源,宁波能源,20040706
600983,-,惠而浦,惠而浦,20040727
600984,-,建设机械,建设机械,20040707
600985,-,淮北矿业,淮北矿业,20040428
600986,-,浙文互联,浙文互联,20040426
600987,-,航民股份,航民股份,20040809
600988,-,赤峰黄金,赤峰黄金,20040414
600989,-,宝丰能源,宝丰能源,20190516
600990,-,四创电子,四创电子,20040510
600992,-,贵绳股份,贵绳股份,20040514
600993,-,马应龙,马应龙,20040517
600995,-,文山电力,文山电力,20040615
600996,-,贵广网络,贵广网络,20161226
600997,-,开滦股份,开滦股份,20040602
600998,-,九州通,九州通,20101102
600999,-,招商证券,招商证券,20091117
601000,-,唐山港,唐山港,20100705
601001,-,XD晋控煤,XD晋控煤业,20060623
601002,-,晋亿实业,晋亿实业,20070126
601003,-,柳钢股份,柳钢股份,20070227
601005,-,重庆钢铁,重庆钢铁,20070228
601006,-,大秦铁路,大秦铁路,20060801
601007,-,金陵饭店,金陵饭店,20070406
601008,-,连云港,连云港,20070426
601009,-,南京银行,南京银行,20070719
601010,-,文峰股份,文峰股份,20110603
601011,-,宝泰隆,宝泰隆,20110309
601012,-,隆基绿能,隆基绿能,20120411
601015,-,陕西黑猫,陕西黑猫,20141105
601016,-,节能风电,节能风电,20140929
601018,-,宁波港,宁波港,20100928
601019,-,山东出版,山东出版,20171122
601020,-,华钰矿业,华钰矿业,20160316
601021,-,春秋航空,春秋航空,20150121
601028,-,玉龙股份,玉龙股份,20111107
601038,-,一拖股份,一拖股份,20120808
601058,-,赛轮轮胎,赛轮轮胎,20110630
601066,-,中信建投,中信建投,20180620
601068,-,中铝国际,中铝国际,20180831
601069,-,西部黄金,西部黄金,20150122
601077,-,渝农商行,渝农商行,20191029
601086,-,国芳集团,国芳集团,20170929
601088,-,中国神华,中国神华,20071009
601089,-,福元医药,福元医药,20220630
601098,-,中南传媒,中南传媒,20101028
601099,-,太平洋,太平洋,20071228
601100,-,恒立液压,恒立液压,20111028
601101,-,昊华能源,昊华能源,20100331
601106,-,中国一重,中国一重,20100209
601107,-,四川成渝,四川成渝,20090727
601108,-,财通证券,财通证券,20171024
601111,-,中国国航,中国国航,20060818
601113,-,华鼎股份,华鼎股份,20110509
601116,-,三江购物,三江购物,20110302
601117,-,中国化学,中国化学,20100107
601118,-,海南橡胶,海南橡胶,20110107
601126,-,四方股份,四方股份,20101231
601127,-,小康股份,小康股份,20160615
601128,-,常熟银行,常熟银行,20160930
601137,-,博威合金,博威合金,20110127
601138,-,工业富联,工业富联,20180608
601139,-,深圳燃气,深圳燃气,20091225
601155,-,新城控股,新城控股,20151204
601156,-,东航物流,东航物流,20210609
601158,-,重庆水务,重庆水务,20100329
601162,-,天风证券,天风证券,20181019
601163,-,三角轮胎,三角轮胎,20160909
601166,-,兴业银行,兴业银行,20070205
601168,-,西部矿业,西部矿业,20070712
601169,-,北京银行,北京银行,20070919
601177,-,杭齿前进,杭齿前进,20101011
601179,-,中国西电,中国西电,20100128
601186,-,中国铁建,中国铁建,20080310
601187,-,厦门银行,厦门银行,20201027
601188,-,龙江交通,龙江交通,20100319
601198,-,东兴证券,东兴证券,20150226
601199,-,江南水务,江南水务,20110317
601200,-,XD上海环,XD上海环境,20170331
601208,-,东材科技,东材科技,20110520
601211,-,国泰君安,国泰君安,20150626
601212,-,白银有色,白银有色,20170215
601216,-,君正集团,君正集团,20110222
601218,-,吉鑫科技,吉鑫科技,20110506
601222,-,林洋能源,林洋能源,20110808
601225,-,陕西煤业,陕西煤业,20140128
601226,-,XD华电重,XD华电重工,20141211
601228,-,广州港,广州港,20170329
601229,-,上海银行,上海银行,20161116
601231,-,环旭电子,环旭电子,20120220
601233,-,桐昆股份,桐昆股份,20110518
601236,-,红塔证券,红塔证券,20190705
601238,-,广汽集团,广汽集团,20120329
601258,-,庞大集团,庞大集团,20110428
601279,-,英利汽车,英利汽车,20210415
601288,-,农业银行,农业银行,20100715
601298,-,青岛港,青岛港,20190121
601311,-,骆驼股份,骆驼股份,20110602
601318,-,中国平安,中国平安,20070301
601319,-,XD中国人,XD中国人保,20181116
601326,-,秦港股份,秦港股份,20170816
601328,-,交通银行,交通银行,20070515
601330,-,绿色动力,绿色动力,20180611
601333,-,广深铁路,广深铁路,20061222
601336,-,新华保险,新华保险,20111216
601339,-,百隆东方,百隆东方,20120612
601360,-,三六零,三六零,20120116
601366,-,利群股份,利群股份,20170412
601368,-,绿城水务,绿城水务,20150612
601369,-,陕鼓动力,陕鼓动力,20100428
601375,-,中原证券,中原证券,20170103
601377,-,兴业证券,兴业证券,20101013
601388,-,怡球资源,怡球资源,20120423
601390,-,XD中国中,XD中国中铁,20071203
601398,-,工商银行,工商银行,20061027
601399,-,国机重装,国机重装,20200608
601456,-,国联证券,国联证券,20200731
601500,-,通用股份,通用股份,20160919
601512,-,中新集团,中新集团,20191220
601515,-,东风股份,东风股份,20120216
601518,-,吉林高速,吉林高速,20100319
601519,-,大智慧,大智慧,20110128
601528,-,瑞丰银行,瑞丰银行,20210625
601555,-,东吴证券,东吴证券,20111212
601566,-,九牧王,九牧王,20110530
601567,-,三星医疗,三星医疗,20110615
601568,-,北元集团,北元集团,20201020
601577,-,长沙银行,长沙银行,20180926
601579,-,会稽山,会稽山,20140825
601588,-,北辰实业,北辰实业,20061016
601595,-,上海电影,上海电影,20160817
601598,-,中国外运,中国外运,20190118
601599,-,浙文影业,浙文影业,20110527
601600,-,中国铝业,中国铝业,20070430
601601,-,中国太保,中国太保,20071225
601606,-,长城军工,长城军工,20180806
601607,-,上海医药,上海医药,19940324
601608,-,中信重工,中信重工,20120706
601609,-,金田股份,金田股份,20200422
601611,-,中国核建,中国核建,20160606
601615,-,明阳智能,明阳智能,20190123
601616,-,广电电气,广电电气,20110201
601618,-,中国中冶,中国中冶,20090921
601619,-,嘉泽新能,嘉泽新能,20170720
601628,-,中国人寿,中国人寿,20070109
601633,-,长城汽车,长城汽车,20110928
601636,-,旗滨集团,旗滨集团,20110812
601658,-,邮储银行,邮储银行,20191210
601665,-,齐鲁银行,齐鲁银行,20210618
601666,-,平煤股份,平煤股份,20061123
601668,-,中国建筑,中国建筑,20090729
601669,-,中国电建,中国电建,20111018
601677,-,明泰铝业,明泰铝业,20110919
601678,-,滨化股份,滨化股份,20100223
601686,-,友发集团,友发集团,20201204
601688,-,华泰证券,华泰证券,20100226
601689,-,拓普集团,拓普集团,20150319
601696,-,中银证券,中银证券,20200226
601698,-,中国卫通,中国卫通,20190628
601699,-,潞安环能,潞安环能,20060922
601700,-,风范股份,风范股份,20110118
601702,-,华峰铝业,华峰铝业,20200907
601717,-,郑煤机,郑煤机,20100803
601718,-,际华集团,际华集团,20100816
601727,-,上海电气,上海电气,20081205
601728,-,中国电信,中国电信,20210820
601766,-,中国中车,中国中车,20080818
601777,-,力帆科技,力帆科技,20101125
601778,-,晶科科技,晶科科技,20200519
601788,-,光大证券,光大证券,20090818
601789,-,宁波建工,宁波建工,20110816
601798,-,蓝科高新,蓝科高新,20110622
601799,-,星宇股份,星宇股份,20110201
601800,-,中国交建,中国交建,20120309
601801,-,皖新传媒,皖新传媒,20100118
601808,-,中海油服,中海油服,20070928
601811,-,新华文轩,新华文轩,20160808
601816,-,XD京沪高,XD京沪高铁,20200116
601818,-,光大银行,光大银行,20100818
601825,-,沪农商行,沪农商行,20210819
601827,-,三峰环境,三峰环境,20200605
601828,-,美凯龙,美凯龙,20180117
601838,-,成都银行,成都银行,20180131
601857,-,中国石油,中国石油,20071105
601858,-,中国科传,中国科传,20170118
601860,-,紫金银行,紫金银行,20190103
601865,-,福莱特,福莱特,20190215
601866,-,中远海发,中远海发,20071212
601868,-,中国能建,中国能建,20210928
601869,-,长飞光纤,长飞光纤,20180720
601872,-,招商轮船,招商轮船,20061201
601877,-,正泰电器,正泰电器,20100121
601878,-,浙商证券,浙商证券,20170626
601880,-,辽港股份,辽港股份,20101206
601881,-,中国银河,中国银河,20170123
601882,-,海天精工,海天精工,20161107
601886,-,江河集团,江河集团,20110818
601888,-,中国中免,中国中免,20091015
601890,-,亚星锚链,亚星锚链,20101228
601898,-,XD中煤能,XD中煤能源,20080201
601899,-,紫金矿业,紫金矿业,20080425
601900,-,南方传媒,南方传媒,20160215
601901,-,方正证券,方正证券,20110810
601908,-,京运通,京运通,20110908
601916,-,浙商银行,浙商银行,20191126
601918,-,新集能源,新集能源,20071219
601919,-,中远海控,中远海控,20070626
601921,-,浙版传媒,浙版传媒,20210723
601928,-,凤凰传媒,凤凰传媒,20111130
601929,-,吉视传媒,吉视传媒,20120223
601933,-,永辉超市,永辉超市,20101215
601939,-,建设银行,建设银行,20070925
601949,-,中国出版,中国出版,20170821
601952,-,苏垦农发,苏垦农发,20170515
601956,-,东贝集团,东贝集团,20201225
601958,-,金钼股份,金钼股份,20080417
601963,-,重庆银行,重庆银行,20210205
601965,-,中国汽研,中国汽研,20120611
601966,-,玲珑轮胎,玲珑轮胎,20160706
601968,-,宝钢包装,宝钢包装,20150611
601969,-,海南矿业,海南矿业,20141209
601975,-,招商南油,招商南油,20190108
601985,-,中国核电,中国核电,20150610
601988,-,中国银行,中国银行,20060705
601989,-,中国重工,中国重工,20091216
601990,-,南京证券,南京证券,20180613
601991,-,大唐发电,大唐发电,20061220
601992,-,金隅集团,金隅集团,20110301
601995,-,中金公司,中金公司,20201102
601996,-,丰林集团,丰林集团,20110929
601997,-,贵阳银行,贵阳银行,20160816
601998,-,中信银行,中信银行,20070427
601999,-,出版传媒,出版传媒,20071221
603000,-,人民网,人民网,20120427
603001,-,奥康国际,奥康国际,20120426
603002,-,宏昌电子,宏昌电子,20120518
603003,-,龙宇燃油,龙宇燃油,20120817
603005,-,晶方科技,晶方科技,20140210
603006,-,联明股份,联明股份,20140630
603007,-,ST花王,ST花王,20160826
603008,-,喜临门,喜临门,20120717
603009,-,北特科技,北特科技,20140718
603010,-,万盛股份,万盛股份,20141010
603011,-,合锻智能,合锻智能,20141107
603012,-,创力集团,创力集团,20150320
603013,-,亚普股份,亚普股份,20180509
603015,-,弘讯科技,弘讯科技,20150303
603016,-,新宏泰,新宏泰,20160701
603017,-,中衡设计,中衡设计,20141231
603018,-,华设集团,华设集团,20141013
603019,-,中科曙光,中科曙光,20141106
603020,-,爱普股份,爱普股份,20150325
603021,-,山东华鹏,山东华鹏,20150423
603022,-,新通联,新通联,20150518
603023,-,威帝股份,威帝股份,20150527
603025,-,大豪科技,大豪科技,20150422
603026,-,石大胜华,石大胜华,20150529
603027,-,千禾味业,千禾味业,20160307
603028,-,赛福天,赛福天,20160331
603029,-,天鹅股份,天鹅股份,20160427
603030,-,全筑股份,全筑股份,20150320
603031,-,安孚科技,安孚科技,20160822
603032,-,德新交运,德新交运,20170105
603033,-,三维股份,三维股份,20161207
603035,-,常熟汽饰,常熟汽饰,20170105
603036,-,如通股份,如通股份,20161209
603037,-,凯众股份,凯众股份,20170120
603038,-,华立股份,华立股份,20170116
603039,-,ST泛微,ST泛微,20170113
603040,-,新坐标,新坐标,20170209
603041,-,美思德,美思德,20170330
603042,-,华脉科技,华脉科技,20170602
603043,-,广州酒家,广州酒家,20170627
603045,-,福达合金,福达合金,20180517
603048,-,浙江黎明,浙江黎明,20211116
603050,-,科林电气,科林电气,20170414
603051,-,鹿山新材,鹿山新材,20220325
603053,-,成都燃气,成都燃气,20191217
603055,-,台华新材,台华新材,20170921
603056,-,德邦股份,德邦股份,20180116
603058,-,永吉股份,永吉股份,20161223
603059,-,倍加洁,倍加洁,20180302
603060,-,国检集团,国检集团,20161109
603063,-,禾望电气,禾望电气,20170728
603066,-,音飞储存,音飞储存,20150611
603067,-,振华股份,振华股份,20160913
603068,-,博通集成,博通集成,20190415
603069,-,海汽集团,海汽集团,20160712
603070,-,万控智造,万控智造,20220310
603071,-,物产环能,物产环能,20211216
603076,-,乐惠国际,乐惠国际,20171113
603077,-,和邦生物,和邦生物,20120731
603078,-,江化微,江化微,20170410
603079,-,圣达生物,圣达生物,20170823
603080,-,新疆火炬,新疆火炬,20180103
603081,-,大丰实业,大丰实业,20170420
603083,-,剑桥科技,剑桥科技,20171110
603085,-,天成自控,天成自控,20150630
603086,-,先达股份,先达股份,20170511
603087,-,甘李药业,甘李药业,20200629
603088,-,宁波精达,宁波精达,20141111
603089,-,正裕工业,正裕工业,20170126
603090,-,宏盛股份,宏盛股份,20160831
603093,-,南华期货,南华期货,20190830
603095,-,越剑智能,越剑智能,20200415
603096,-,新经典,新经典,20170425
603097,-,江苏华辰,江苏华辰,20220512
603098,-,森特股份,森特股份,20161216
603099,-,长白山,长白山,20140822
603100,-,川仪股份,川仪股份,20140805
603101,-,汇嘉时代,汇嘉时代,20160506
603102,-,百合股份,百合股份,20220125
603103,-,横店影视,横店影视,20171012
603105,-,芯能科技,芯能科技,20180709
603106,-,恒银科技,恒银科技,20170920
603108,-,润达医疗,润达医疗,20150527
603109,-,神驰机电,神驰机电,20191231
603110,-,东方材料,东方材料,20171013
603111,-,康尼机电,康尼机电,20140801
603112,-,华翔股份,华翔股份,20200917
603113,-,金能科技,金能科技,20170511
603115,-,海星股份,海星股份,20190809
603116,-,红蜻蜓,红蜻蜓,20150629
603117,-,ST万林,ST万林,20150629
603118,-,共进股份,共进股份,20150225
603121,-,华培动力,华培动力,20190111
603122,-,合富中国,合富中国,20220216
603123,-,翠微股份,翠微股份,20120503
603126,-,中材节能,中材节能,20140731
603127,-,昭衍新药,昭衍新药,20170825
603128,-,华贸物流,华贸物流,20120529
603129,-,春风动力,春风动力,20170818
603131,-,上海沪工,上海沪工,20160607
603132,-,金徽股份,金徽股份,20220222
603133,-,碳元科技,碳元科技,20170320
603136,-,天目湖,天目湖,20170927
603138,-,海量数据,海量数据,20170306
603139,-,康惠制药,康惠制药,20170421
603150,-,万朗磁塑,万朗磁塑,20220124
603155,-,新亚强,新亚强,20200901
603156,-,养元饮品,养元饮品,20180212
603158,-,腾龙股份,腾龙股份,20150320
603159,-,上海亚虹,上海亚虹,20160812
603160,-,汇顶科技,汇顶科技,20161017
603161,-,科华控股,科华控股,20180105
603165,-,荣晟环保,荣晟环保,20170117
603166,-,福达股份,福达股份,20141127
603167,-,渤海轮渡,渤海轮渡,20120906
603168,-,莎普爱思,莎普爱思,20140702
603169,-,兰石重装,兰石重装,20141009
603170,-,宝立食品,宝立食品科技,20220715
603171,-,税友股份,税友股份,20210630
603176,-,汇通集团,汇通集团,20211231
603177,-,德创环保,德创环保,20170207
603178,-,圣龙股份,圣龙股份,20170328
603179,-,新泉股份,新泉股份,20170317
603180,-,金牌厨柜,金牌厨柜,20170512
603181,-,皇马科技,皇马科技,20170824
603183,-,建研院,建研院,20170905
603185,-,上机数控,上机数控,20181228
603186,-,华正新材,华正新材,20170103
603187,-,海容冷链,海容冷链,20181129
603188,-,亚邦股份,亚邦股份,20140909
603189,-,网达软件,网达软件,20160914
603191,-,望变电气,望变电气,20220428
603192,-,汇得科技,汇得科技,20180828
603195,-,公牛集团,公牛集团,20200206
603196,-,日播时尚,日播时尚,20170531
603197,-,保隆科技,保隆科技,20170519
603198,-,迎驾贡酒,迎驾贡酒,20150528
603199,-,九华旅游,九华旅游,20150326
603200,-,上海洗霸,上海洗霸,20170601
603201,-,N常润,N常润股份,20220729
603203,-,快克股份,快克股份,20161108
603206,-,嘉环科技,嘉环科技,20220506
603208,-,江山欧派,江山欧派,20170210
603209,-,兴通股份,兴通股份,20220324
603211,-,晋拓股份,晋拓科技股份,20220725
603212,-,赛伍技术,赛伍技术,20200430
603213,-,镇洋发展,镇洋发展,20211111
603214,-,爱婴室,爱婴室,20180330
603215,-,比依股份,比依股份,20220218
603216,-,梦天家居,梦天家居,20211215
603217,-,元利科技,元利科技,20190620
603218,-,XD日月股,XD日月股份,20161228
603219,-,富佳股份,富佳股份,20211122
603220,-,中贝通信,中贝通信,20181115
603221,-,爱丽家居,爱丽家居,20200323
603222,-,济民医疗,济民医疗,20150217
603223,-,恒通股份,恒通股份,20150630
603225,-,新凤鸣,新凤鸣,20170418
603226,-,菲林格尔,菲林格尔,20170615
603227,-,雪峰科技,雪峰科技,20150515
603228,-,景旺电子,景旺电子,20170106
603229,-,奥翔药业,奥翔药业,20170509
603230,-,内蒙新华,内蒙新华,20211224
603232,-,格尔软件,格尔软件,20170421
603233,-,大参林,大参林,20170731
603235,-,天新药业,天新药业,20220712
603236,-,移远通信,移远通信,20190716
603238,-,诺邦股份,诺邦股份,20170222
603239,-,浙江仙通,浙江仙通,20161230
603256,-,宏和科技,宏和科技,20190719
603258,-,电魂网络,电魂网络,20161026
603259,-,药明康德,药明康德,20180508
603260,-,合盛硅业,合盛硅业,20171030
603261,-,立航科技,立航科技,20220315
603266,-,天龙股份,天龙股份,20170110
603267,-,鸿远电子,鸿远电子,20190515
603268,-,松发股份,松发股份,20150319
603269,-,海鸥股份,海鸥股份,20170517
603272,-,联翔股份,联翔股份,20220520
603277,-,银都股份,银都股份,20170911
603278,-,大业股份,大业股份,20171113
603279,-,景津装备,景津装备,20190729
603283,-,赛腾股份,赛腾股份,20171225
603286,-,日盈电子,日盈电子,20170627
603288,-,海天味业,海天味业,20140211
603289,-,泰瑞机器,泰瑞机器,20171031
603290,-,斯达半导,斯达半导,20200204
603297,-,永新光学,永新光学,20180910
603298,-,杭叉集团,杭叉集团,20161227
603299,-,苏盐井神,苏盐井神,20151231
603300,-,华铁应急,华铁应急,20150529
603301,-,振德医疗,振德医疗,20180412
603303,-,得邦照明,得邦照明,20170330
603305,-,旭升股份,旭升股份,20170710
603306,-,华懋科技,华懋科技,20140926
603308,-,应流股份,应流股份,20140122
603309,-,维力医疗,维力医疗,20150302
603311,-,金海高科,金海高科,20150518
603313,-,梦百合,梦百合,20161013
603315,-,福鞍股份,福鞍股份,20150424
603316,-,诚邦股份,诚邦股份,20170619
603317,-,天味食品,天味食品,20190416
603318,-,水发燃气,水发燃气,20150424
603319,-,湘油泵,湘油泵,20161130
603320,-,迪贝电气,迪贝电气,20170502
603321,-,梅轮电梯,梅轮电梯,20170915
603322,-,超讯通信,超讯通信,20160728
603323,-,苏农银行,苏农银行,20161129
603324,-,盛剑环境,盛剑环境,20210407
603326,-,我乐家居,我乐家居,20170616
603327,-,福蓉科技,福蓉科技,20190523
603328,-,依顿电子,依顿电子,20140701
603329,-,上海雅仕,上海雅仕,20171229
603330,-,上海天洋,上海天洋,20170213
603331,-,百达精工,百达精工,20170705
603332,-,苏州龙杰,苏州龙杰,20190117
603333,-,尚纬股份,尚纬股份,20120507
603335,-,迪生力,迪生力,20170620
603336,-,宏辉果蔬,宏辉果蔬,20161124
603337,-,杰克股份,杰克股份,20170119
603338,-,浙江鼎力,浙江鼎力,20150325
603339,-,四方科技,四方科技,20160519
603345,-,安井食品,安井食品,20170222
603348,-,文灿股份,文灿股份,20180426
603351,-,威尔药业,威尔药业,20190130
603353,-,和顺石油,和顺石油,20200407
603355,-,莱克电气,莱克电气,20150513
603356,-,华菱精工,华菱精工,20180124
603357,-,设计总院,设计总院,20170801
603358,-,华达科技,华达科技,20170125
603359,-,东珠生态,东珠生态,20170901
603360,-,百傲化学,百傲化学,20170206
603363,-,傲农生物,傲农生物,20170926
603365,-,水星家纺,水星家纺,20171120
603366,-,日出东方,日出东方,20120521
603367,-,辰欣药业,辰欣药业,20170929
603368,-,柳药集团,柳药集团,20141204
603369,-,今世缘,今世缘,20140703
603377,-,东方时尚,东方时尚,20160205
603378,-,亚士创能,亚士创能,20170928
603379,-,三美股份,三美股份,20190402
603380,-,易德龙,易德龙,20170622
603383,-,顶点软件,顶点软件,20170522
603385,-,惠达卫浴,惠达卫浴,20170405
603386,-,骏亚科技,骏亚科技,20170912
603387,-,基蛋生物,基蛋生物,20170717
603388,-,元成股份,元成股份,20170324
603389,-,亚振家居,亚振家居,20161215
603390,-,通达电气,通达电气,20191125
603392,-,万泰生物,万泰生物,20200429
603393,-,新天然气,新天然气,20160912
603396,-,金辰股份,金辰股份,20171018
603398,-,沐邦高科,沐邦高科,20151209
603399,-,吉翔股份,吉翔股份,20120824
603408,-,建霖家居,建霖家居,20200730
603416,-,信捷电气,信捷电气,20161221
603421,-,鼎信通讯,鼎信通讯,20161011
603429,-,集友股份,集友股份,20170124
603439,-,贵州三力,贵州三力,20200428
603444,-,吉比特,吉比特,20170104
603456,-,九洲药业,九洲药业,20141010
603458,-,勘设股份,勘设股份,20170809
603466,-,风语筑,风语筑,20171020
603477,-,巨星农牧,巨星农牧,20171218
603486,-,科沃斯,科沃斯,20180528
603488,-,展鹏科技,展鹏科技,20170516
603489,-,八方股份,八方股份,20191111
603496,-,恒为科技,恒为科技,20170607
603499,-,翔港科技,翔港科技,20171016
603500,-,祥和实业,祥和实业,20170904
603501,-,韦尔股份,韦尔股份,20170504
603505,-,金石资源,金石资源,20170503
603506,-,南都物业,南都物业,20180201
603507,-,振江股份,振江股份,20171106
603508,-,思维列控,思维列控,20151224
603511,-,爱慕股份,爱慕股份,20210531
603515,-,欧普照明,欧普照明,20160819
603516,-,淳中科技,淳中科技,20180202
603517,-,绝味食品,绝味食品,20170317
603518,-,锦泓集团,锦泓集团,20141203
603519,-,立霸股份,立霸股份,20150319
603520,-,司太立,司太立,20160309
603527,-,众源新材,众源新材,20170907
603528,-,多伦科技,多伦科技,20160503
603529,-,爱玛科技,爱玛科技,20210615
603530,-,神马电力,神马电力,20190805
603533,-,掌阅科技,掌阅科技,20170921
603535,-,嘉诚国际,嘉诚国际,20170808
603536,-,惠发食品,惠发食品,20170613
603538,-,美诺华,美诺华,20170407
603551,-,奥普家居,奥普家居,20200115
603555,-,贵人鸟,贵人鸟,20140124
603556,-,海兴电力,海兴电力,20161110
603557,-,ST起步,ST起步,20170818
603558,-,健盛集团,健盛集团,20150127
603559,-,中通国脉,中通国脉,20161202
603565,-,中谷物流,中谷物流,20200925
603566,-,普莱柯,普莱柯,20150518
603567,-,珍宝岛,珍宝岛,20150424
603568,-,伟明环保,伟明环保,20150528
603569,-,长久物流,长久物流,20160810
603577,-,汇金通,汇金通,20161222
603578,-,三星新材,三星新材,20170306
603579,-,荣泰健康,荣泰健康,20170111
603580,-,艾艾精工,艾艾精工,20170525
603583,-,捷昌驱动,捷昌驱动,20180921
603585,-,苏利股份,苏利股份,20161214
603586,-,金麒麟,金麒麟,20170406
603587,-,地素时尚,地素时尚,20180622
603588,-,高能环境,高能环境,20141229
603589,-,口子窖,口子窖,20150629
603590,-,康辰药业,康辰药业,20180827
603595,-,东尼电子,东尼电子,20170712
603596,-,伯特利,伯特利,20180427
603598,-,引力传媒,引力传媒,20150527
603599,-,广信股份,广信股份,20150513
603600,-,永艺股份,永艺股份,20150123
603601,-,再升科技,再升科技,20150122
603602,-,纵横通信,纵横通信,20170810
603603,-,*ST博天,*ST博天,20170217
603605,-,珀莱雅,珀莱雅,20171115
603606,-,东方电缆,东方电缆,20141015
603607,-,京华激光,京华激光,20171025
603608,-,天创时尚,天创时尚,20160218
603609,-,禾丰股份,禾丰股份,20140808
603610,-,麒盛科技,麒盛科技,20191029
603611,-,诺力股份,诺力股份,20150128
603612,-,索通发展,索通发展,20170718
603613,-,国联股份,国联股份,20190730
603615,-,茶花股份,茶花股份,20170213
603616,-,韩建河山,韩建河山,20150611
603617,-,君禾股份,君禾股份,20170703
603618,-,杭电股份,杭电股份,20150217
603619,-,中曼石油,中曼石油,20171117
603626,-,科森科技,科森科技,20170209
603628,-,清源股份,清源股份,20170112
603629,-,利通电子,利通电子,20181224
603630,-,拉芳家化,拉芳家化,20170313
603633,-,徕木股份,徕木股份,20161117
603636,-,南威软件,南威软件,20141230
603637,-,镇海股份,镇海股份,20170208
603638,-,艾迪精密,艾迪精密,20170120
603639,-,海利尔,海利尔,20170112
603648,-,畅联股份,畅联股份,20170913
603650,-,彤程新材,彤程新材,20180627
603655,-,朗博科技,朗博科技,20171229
603656,-,泰禾智能,泰禾智能,20170321
603657,-,春光科技,春光科技,20180730
603658,-,安图生物,安图生物,20160901
603659,-,璞泰来,璞泰来,20171103
603660,-,苏州科达,苏州科达,20161201
603661,-,恒林股份,恒林股份,20171121
603662,-,柯力传感,柯力传感,20190806
603663,-,三祥新材,三祥新材,20160801
603665,-,康隆达,康隆达,20170313
603666,-,亿嘉和,亿嘉和,20180612
603667,-,五洲新春,五洲新春,20161025
603668,-,天马科技,天马科技,20170117
603669,-,灵康药业,灵康药业,20150528
603676,-,卫信康,卫信康,20170721
603677,-,奇精机械,奇精机械,20170206
603678,-,火炬电子,火炬电子,20150126
603679,-,华体科技,华体科技,20170621
603680,-,今创集团,今创集团,20180227
603681,-,永冠新材,永冠新材,20190326
603682,-,锦和商管,锦和商管,20200421
603683,-,晶华新材,晶华新材,20171020
603685,-,晨丰科技,晨丰科技,20171127
603686,-,福龙马,福龙马,20150126
603687,-,大胜达,大胜达,20190726
603688,-,石英股份,石英股份,20141031
603689,-,皖天然气,皖天然气,20170110
603690,-,至纯科技,至纯科技,20170113
603693,-,江苏新能,江苏新能,20180703
603696,-,安记食品,安记食品,20151209
603697,-,有友食品,有友食品,20190508
603698,-,航天工程,航天工程,20150128
603699,-,纽威股份,纽威股份,20140117
603700,-,宁水集团,宁水集团,20190122
603701,-,德宏股份,德宏股份,20160412
603703,-,盛洋科技,盛洋科技,20150423
603706,-,东方环宇,东方环宇,20180709
603707,-,健友股份,健友股份,20170719
603708,-,家家悦,家家悦,20161213
603709,-,中源家居,中源家居,20180208
603711,-,香飘飘,香飘飘,20171130
603712,-,七一二,七一二,20180226
603713,-,密尔克卫,密尔克卫,20180713
603716,-,塞力医疗,塞力医疗,20161031
603717,-,天域生态,天域生态,20170327
603718,-,海利生物,海利生物,20150515
603719,-,良品铺子,良品铺子,20200224
603721,-,中广天择,中广天择,20170811
603722,-,阿科力,阿科力,20171025
603725,-,天安新材,天安新材,20170906
603726,-,朗迪集团,朗迪集团,20160421
603727,-,博迈科,博迈科,20161122
603728,-,鸣志电器,鸣志电器,20170509
603729,-,龙韵股份,龙韵股份,20150324
603730,-,岱美股份,岱美股份,20170728
603733,-,仙鹤股份,仙鹤股份,20180420
603737,-,三棵树,三棵树,20160603
603738,-,泰晶科技,泰晶科技,20160928
603739,-,蔚蓝生物,蔚蓝生物,20190116
603755,-,日辰股份,日辰股份,20190828
603757,-,大元泵业,大元泵业,20170711
603758,-,秦安股份,秦安股份,20170517
603759,-,海天股份,海天股份,20210326
603766,-,隆鑫通用,隆鑫通用,20120810
603767,-,中马传动,中马传动,20170613
603768,-,常青股份,常青股份,20170324
603773,-,沃格光电,沃格光电,20180417
603776,-,永安行,永安行,20170817
603777,-,来伊份,来伊份,20161012
603778,-,乾景园林,乾景园林,20151231
603779,-,威龙股份,威龙股份,20160516
603786,-,科博达,科博达,20191015
603787,-,新日股份,新日股份,20170427
603788,-,宁波高发,宁波高发,20150120
603789,-,星光农机,星光农机,20150427
603790,-,雅运股份,雅运股份,20180912
603797,-,联泰环保,联泰环保,20170413
603798,-,康普顿,康普顿,20160406
603799,-,华友钴业,华友钴业,20150129
603800,-,道森股份,道森股份,20151210
603801,-,志邦家居,志邦家居,20170630
603803,-,瑞斯康达,瑞斯康达,20170420
603806,-,福斯特,福斯特,20140905
603808,-,歌力思,歌力思,20150422
603809,-,豪能股份,豪能股份,20171128
603810,-,丰山集团,丰山集团,20180917
603811,-,诚意药业,诚意药业,20170315
603813,-,原尚股份,原尚股份,20170918
603815,-,交建股份,交建股份,20191021
603816,-,顾家家居,顾家家居,20161014
603817,-,海峡环保,海峡环保,20170220
603818,-,曲美家居,曲美家居,20150422
603819,-,神力股份,神力股份,20161125
603822,-,嘉澳环保,嘉澳环保,20160428
603823,-,百合花,百合花,20161220
603825,-,华扬联众,华扬联众,20170802
603826,-,坤彩科技,坤彩科技,20170414
603828,-,柯利达,柯利达,20150226
603829,-,洛凯股份,洛凯股份,20171017
603833,-,欧派家居,欧派家居,20170328
603836,-,海程邦达,海程邦达,20210526
603838,-,四通股份,四通股份,20150701
603839,-,安正时尚,安正时尚,20170214
603843,-,正平股份,正平股份,20160905
603848,-,好太太,好太太,20171201
603855,-,华荣股份,华荣股份,20170524
603856,-,东宏股份,东宏股份,20171106
603858,-,步长制药,步长制药,20161118
603859,-,能科科技,能科科技,20161021
603860,-,中公高科,中公高科,20170802
603861,-,白云电器,白云电器,20160322
603863,-,松炀资源,松炀资源,20190621
603866,-,桃李面包,桃李面包,20151222
603867,-,新化股份,新化股份,20190627
603868,-,飞科电器,飞科电器,20160418
603869,-,新智认知,新智认知,20150326
603871,-,嘉友国际,嘉友国际,20180206
603876,-,鼎胜新材,鼎胜新材,20180418
603877,-,太平鸟,太平鸟,20170109
603878,-,武进不锈,武进不锈,20161219
603879,-,永悦科技,永悦科技,20170614
603880,-,南卫股份,南卫股份,20170807
603881,-,数据港,数据港,20170208
603882,-,金域医学,金域医学,20170908
603883,-,老百姓,老百姓,20150423
603885,-,吉祥航空,吉祥航空,20150527
603886,-,元祖股份,元祖股份,20161228
603887,-,城地香江,城地香江,20161010
603888,-,新华网,新华网,20161028
603889,-,新澳股份,新澳股份,20141231
603890,-,春秋电子,春秋电子,20171212
603893,-,瑞芯微,瑞芯微,20200207
603895,-,天永智能,天永智能,20180122
603896,-,寿仙谷,寿仙谷,20170510
603897,-,长城科技,长城科技,20180410
603898,-,好莱客,好莱客,20150217
603899,-,晨光股份,晨光股份,20150127
603900,-,莱绅通灵,莱绅通灵,20161123
603901,-,永创智能,永创智能,20150529
603903,-,中持股份,中持股份,20170314
603906,-,龙蟠科技,龙蟠科技,20170410
603908,-,牧高笛,牧高笛,20170307
603909,-,建发合诚,建发合诚,20160628
603912,-,佳力图,佳力图,20171101
603915,-,国茂股份,国茂股份,20190614
603916,-,苏博特,苏博特,20171110
603917,-,合力科技,合力科技,20171204
603918,-,金桥信息,金桥信息,20150528
603919,-,金徽酒,金徽酒,20160310
603920,-,世运电路,世运电路,20170426
603922,-,金鸿顺,金鸿顺,20171023
603926,-,铁流股份,铁流股份,20170510
603927,-,中科软,中科软,20190909
603928,-,兴业股份,兴业股份,20161212
603929,-,亚翔集成,亚翔集成,20161230
603931,-,格林达,格林达,20200819
603933,-,睿能科技,睿能科技,20170706
603936,-,博敏电子,博敏电子,20151209
603937,-,丽岛新材,丽岛新材,20171102
603938,-,三孚股份,三孚股份,20170628
603939,-,益丰药房,益丰药房,20150217
603948,-,建业股份,建业股份,20200302
603949,-,雪龙集团,雪龙集团,20200310
603950,-,长源东谷,长源东谷,20200526
603955,-,大千生态,大千生态,20170310
603956,-,威派格,威派格,20190222
603958,-,哈森股份,哈森股份,20160629
603959,-,百利科技,百利科技,20160517
603960,-,克来机电,克来机电,20170314
603963,-,大理药业,大理药业,20170922
603966,-,法兰泰克,法兰泰克,20170125
603967,-,中创物流,中创物流,20190429
603968,-,醋化股份,醋化股份,20150518
603969,-,银龙股份,银龙股份,20150227
603970,-,中农立华,中农立华,20171116
603976,-,正川股份,正川股份,20170822
603977,-,国泰集团,国泰集团,20161111
603978,-,深圳新星,深圳新星,20170807
603979,-,金诚信,金诚信,20150630
603980,-,吉华集团,吉华集团,20170615
603982,-,泉峰汽车,泉峰汽车,20190522
603983,-,丸美股份,丸美股份,20190725
603985,-,恒润股份,恒润股份,20170505
603986,-,兆易创新,兆易创新,20160818
603987,-,康德莱,康德莱,20161121
603988,-,中电电机,中电电机,20141104
603989,-,艾华集团,艾华集团,20150515
603990,-,麦迪科技,麦迪科技,20161208
603991,-,至正股份,至正股份,20170308
603992,-,松霖科技,松霖科技,20190826
603993,-,洛阳钼业,洛阳钼业,20121009
603995,-,甬金股份,甬金股份,20191224
603997,-,继峰股份,继峰股份,20150302
603998,-,方盛制药,方盛制药,20141205
603999,-,读者传媒,读者传媒,20151210
605001,-,威奥股份,威奥股份,20200522
605003,-,众望布艺,众望布艺,20200908
605005,-,合兴股份,合兴股份,20210119
605006,-,山东玻纤,山东玻纤,20200903
605007,-,五洲特纸,五洲特纸,20201110
605008,-,长鸿高科,长鸿高科,20200821
605009,-,豪悦护理,豪悦护理,20200911
605011,-,杭州热电,杭州热电,20210630
605016,-,百龙创园,百龙创园,20210421
605018,-,长华股份,长华股份,20200929
605020,-,永和股份,永和股份,20210709
605028,-,世茂能源,世茂能源,20210712
605033,-,美邦股份,美邦股份,20210916
605050,-,福然德,福然德,20200924
605055,-,迎丰股份,迎丰股份,20210129
605056,-,咸亨国际,咸亨国际,20210720
605058,-,澳弘电子,澳弘电子,20201021
605060,-,联德股份,联德股份,20210301
605066,-,天正电气,天正电气,20200807
605068,-,明新旭腾,明新旭腾,20201123
605069,-,正和生态,正和生态,20210816
605077,-,华康股份,华康股份,20210209
605080,-,浙江自然,浙江自然,20210506
605081,-,太和水,太和水,20210209
605086,-,龙高股份,龙高股份,20210416
605088,-,冠盛股份,冠盛股份,20200817
605089,-,味知香,味知香,20210427
605090,-,九丰能源,九丰能源,20210525
605098,-,行动教育,行动教育,20210421
605099,-,共创草坪,共创草坪,20200930
605100,-,华丰股份,华丰股份,20200811
605108,-,同庆楼,同庆楼,20200716
605111,-,新洁能,新洁能,20200928
605116,-,奥锐特,奥锐特,20200921
605117,-,德业股份,德业股份,20210420
605118,-,力鼎光电,力鼎光电,20200730
605122,-,四方新材,四方新材,20210310
605123,-,派克新材,派克新材,20200825
605128,-,上海沿浦,上海沿浦,20200915
605133,-,嵘泰股份,嵘泰股份,20210224
605136,-,丽人丽妆,丽人丽妆,20200929
605138,-,盛泰集团,盛泰集团,20211027
605151,-,西上海,西上海,20201215
605155,-,西大门,西大门,20201231
605158,-,华达新材,华达新材,20200805
605162,-,新中港,新中港,20210707
605166,-,聚合顺,聚合顺,20200618
605167,-,利柏特,利柏特,20210726
605168,-,三人行,三人行,20200528
605169,-,洪通燃气,洪通燃气,20201030
605177,-,东亚药业,东亚药业,20201125
605178,-,时空科技,时空科技,20200821
605179,-,一鸣食品,一鸣食品,20201228
605180,-,华生科技,华生科技,20210430
605183,-,确成股份,确成股份,20201207
605186,-,健麾信息,健麾信息,20201222
605188,-,国光连锁,国光连锁,20200728
605189,-,富春染织,富春染织,20210528
605196,-,华通线缆,华通线缆,20210511
605198,-,德利股份,德利股份,20200918
605199,-,葫芦娃,葫芦娃,20200710
605208,-,永茂泰,永茂泰,20210308
605218,-,伟时电子,伟时电子,20200928
605222,-,起帆电缆,起帆电缆,20200731
605228,-,神通科技,神通科技,20210120
605255,-,天普股份,天普股份,20200825
605258,-,协和电子,协和电子,20201203
605259,-,绿田机械,绿田机械,20210615
605266,-,健之佳,健之佳,20201201
605268,-,王力安防,王力安防,20210224
605277,-,新亚电子,新亚电子,20210106
605286,-,同力日升,同力日升,20210322
605287,-,德才股份,德才股份,20210706
605288,-,凯迪股份,凯迪股份,20200601
605289,-,罗曼股份,罗曼股份,20210426
605296,-,神农集团,神农集团,20210528
605298,-,必得科技,必得科技,20210301
605299,-,舒华体育,舒华体育,20201215
605300,-,佳禾食品,佳禾食品,20210430
605303,-,园林股份,园林股份,20210301
605305,-,中际联合,中际联合,20210506
605318,-,法狮龙,法狮龙,20200803
605319,-,无锡振华,无锡振华,20210607
605333,-,沪光股份,沪光股份,20200818
605336,-,帅丰电器,帅丰电器,20201019
605337,-,李子园,李子园,20210208
605338,-,巴比食品,巴比食品,20201012
605339,-,南侨食品,南侨食品,20210518
605358,-,立昂微,立昂微,20200911
605365,-,立达信,立达信,20210720
605366,-,宏柏新材,宏柏新材,20200812
605368,-,蓝天燃气,蓝天燃气,20210129
605369,-,拱东医疗,拱东医疗,20200916
605376,-,博迁新材,博迁新材,20201208
605377,-,华旺科技,华旺科技,20201228
605378,-,野马电池,野马电池,20210412
605388,-,均瑶健康,均瑶健康,20200818
605389,-,长龄液压,长龄液压,20210322
605398,-,新炬网络,新炬网络,20210121
605399,-,晨光新材,晨光新材,20200804
605488,-,福莱新材,福莱新材,20210513
605499,-,东鹏饮料,东鹏饮料,20210527
605500,-,森林包装,森林包装,20201222
605507,-,国邦医药,国邦医药,20210802
605555,-,德昌股份,德昌股份,20211021
605566,-,福莱蒽特,福莱蒽特,20211025
605567,-,春雪食品,春雪食品,20211013
605577,-,龙版传媒,龙版传媒,20210824
605580,-,恒盛能源,恒盛能源,20210819
605588,-,冠石科技,冠石科技,20210812
605589,-,圣泉集团,圣泉集团,20210810
605598,-,上海港湾,上海港湾,20210917
605599,-,菜百股份,菜百股份,20210909
